{
  "Workflows": [
    {
      "Path": null,
      "SortBy": 0,
      "VariablesSectionElementsOrder": [],
      "ArgumentsSectionElementsOrder": null,
      "ConstantsSectionElementsOrder": [],
      "AddedNamespaces": null
    },
    {
      "Path": "Main.xaml",
      "SortBy": 0,
      "VariablesSectionElementsOrder": [
        "str_Process_Tracker_Path&Sequence_17",
        "TransactionItem&StateMachine_1",
        "SystemException&StateMachine_1",
        "BusinessException&StateMachine_1",
        "TransactionNumber&StateMachine_1",
        "Config&StateMachine_1",
        "RetryNumber&StateMachine_1",
        "TransactionID&StateMachine_1",
        "ConsecutiveSystemExceptions&StateMachine_1",
        "str_Final_Output_Path&StateMachine_1"
      ],
      "ArgumentsSectionElementsOrder": [
        "in_OrchestratorQueueName",
        "in_OrchestratorQueueFolder"
      ],
      "ConstantsSectionElementsOrder": [],
      "AddedNamespaces": null
    },
    {
      "Path": "Helper Xamls/Logs_Create_File_and_Folder.xaml",
      "SortBy": 0,
      "VariablesSectionElementsOrder": [
        "str_AbsolutePath&Sequence_1",
        "FolderPath_Log&Sequence_1",
        "FileName_Log&Sequence_1",
        "Log_FolderExists&Sequence_1",
        "isLogFileExists&Sequence_1"
      ],
      "ArgumentsSectionElementsOrder": [
        "in_Config"
      ],
      "ConstantsSectionElementsOrder": [],
      "AddedNamespaces": null
    },
    {
      "Path": "Helper Xamls/MIS_File_and_Folder_Creation.xaml",
      "SortBy": 0,
      "VariablesSectionElementsOrder": [
        "FileName_MIS_Report&Sequence_1",
        "FolderPath_MIS_Reports&Sequence_1",
        "MIS_FolderExists&Sequence_1",
        "isMISFileExists&Sequence_1"
      ],
      "ArgumentsSectionElementsOrder": [
        "in_Config",
        "out_dt_MISReport",
        "out_FilePath_MIS_Reports"
      ],
      "ConstantsSectionElementsOrder": [],
      "AddedNamespaces": null
    },
    {
      "Path": "Helper Xamls/Process_Tracker_File_and_Folder_Creation.xaml",
      "SortBy": 0,
      "VariablesSectionElementsOrder": [
        "FileName_ProcessTracker&Sequence_1",
        "FolderPath_ProcessTracker&Sequence_1",
        "ProcessTracker_FolderExists&Sequence_1",
        "isProcessTracker_FileExists&Sequence_1"
      ],
      "ArgumentsSectionElementsOrder": [
        "in_Config",
        "out_dt_ProcessTracker",
        "out_FilePath_ProcessTracker"
      ],
      "ConstantsSectionElementsOrder": [],
      "AddedNamespaces": null
    },
    {
      "Path": "Framework/KillAllProcesses.xaml",
      "SortBy": 0,
      "VariablesSectionElementsOrder": [],
      "ArgumentsSectionElementsOrder": [
        "In_Config"
      ],
      "ConstantsSectionElementsOrder": [],
      "AddedNamespaces": null
    },
    {
      "Path": "Framework/InitAllApplications.xaml",
      "SortBy": 0,
      "VariablesSectionElementsOrder": [],
      "ArgumentsSectionElementsOrder": [
        "in_Config"
      ],
      "ConstantsSectionElementsOrder": [],
      "AddedNamespaces": null
    },
    {
      "Path": "test.xaml",
      "SortBy": 0,
      "VariablesSectionElementsOrder": [
        "dt_InputData&Sequence_1",
        "Out_MailMessage&Sequence_1",
        "dt_serial&Sequence_1",
        "In_MasterData&Sequence_1",
        "dt_Final_Serial_Numbers&Sequence_1",
        "dt_Filtered_Physical_Stock&Sequence_1",
        "Out_dt_MasterData&Sequence_1",
        "Out_List_SerialNo&Sequence_1",
        "dt_final&Sequence_1",
        "str_exception&Sequence_1"
      ],
      "ArgumentsSectionElementsOrder": [],
      "ConstantsSectionElementsOrder": [],
      "AddedNamespaces": null
    },
    {
      "Path": "Helper Xamls/LogInfoMessages.xaml",
      "SortBy": 0,
      "VariablesSectionElementsOrder": [
        "FolderPath_Log&Sequence_15",
        "FileName_Log&Sequence_15",
        "isLogFileExists&Sequence_15",
        "Log_FolderExists&Sequence_15"
      ],
      "ArgumentsSectionElementsOrder": [
        "in_strStatus",
        "in_xamlName",
        "in_strComments",
        "in_LogLevel",
        "in_Config"
      ],
      "ConstantsSectionElementsOrder": [],
      "AddedNamespaces": null
    },
    {
      "Path": "Framework/GetTransactionData.xaml",
      "SortBy": 0,
      "VariablesSectionElementsOrder": [],
      "ArgumentsSectionElementsOrder": [
        "in_TransactionNumber",
        "in_Config",
        "out_TransactionItem",
        "out_TransactionField1",
        "out_TransactionField2",
        "out_TransactionID",
        "io_dt_TransactionData"
      ],
      "ConstantsSectionElementsOrder": [],
      "AddedNamespaces": null
    },
    {
      "Path": "Framework/Process.xaml",
      "SortBy": 0,
      "VariablesSectionElementsOrder": [
        "dt_InputData&Sequence_40",
        "Arr_ColumnFilter&Sequence_40",
        "Str_DateToFilter&Sequence_40",
        "List_of_Input_Files&Sequence_1"
      ],
      "ArgumentsSectionElementsOrder": [
        "in_TransactionItem",
        "in_Config",
        "Out_Final_Output_FilePath"
      ],
      "ConstantsSectionElementsOrder": [],
      "AddedNamespaces": null
    },
    {
      "Path": "Framework/InitAllSettings.xaml",
      "SortBy": 0,
      "VariablesSectionElementsOrder": [
        "dt_SettingsAndConstants&Sequence_5",
        "dt_Assets&Sequence_6",
        "AssetValue&Sequence_11"
      ],
      "ArgumentsSectionElementsOrder": [
        "in_ConfigFile",
        "in_ConfigSheets",
        "out_Config"
      ],
      "ConstantsSectionElementsOrder": [],
      "AddedNamespaces": null
    },
    {
      "Path": "Framework/CloseAllApplications.xaml",
      "SortBy": 0,
      "VariablesSectionElementsOrder": [],
      "ArgumentsSectionElementsOrder": [],
      "ConstantsSectionElementsOrder": [],
      "AddedNamespaces": null
    },
    {
      "Path": "Helper Xamls/Send_Mail.xaml",
      "SortBy": 0,
      "VariablesSectionElementsOrder": [],
      "ArgumentsSectionElementsOrder": [
        "In_Attachment",
        "In_MailTo",
        "In_MailCC",
        "In_MailSubject",
        "In_MailBody",
        "in_Config"
      ],
      "ConstantsSectionElementsOrder": [],
      "AddedNamespaces": null
    },
    {
      "Path": "Framework/SetTransactionStatus.xaml",
      "SortBy": 0,
      "VariablesSectionElementsOrder": [
        "QueueRetry&Sequence_17",
        "ScreenshotPath&Sequence_17"
      ],
      "ArgumentsSectionElementsOrder": [
        "in_BusinessException",
        "in_TransactionField1",
        "in_TransactionField2",
        "in_TransactionID",
        "in_SystemException",
        "in_Config",
        "in_TransactionItem",
        "io_RetryNumber",
        "io_TransactionNumber",
        "io_ConsecutiveSystemExceptions"
      ],
      "ConstantsSectionElementsOrder": [],
      "AddedNamespaces": null
    },
    {
      "Path": "Framework/RetryCurrentTransaction.xaml",
      "SortBy": 0,
      "VariablesSectionElementsOrder": [],
      "ArgumentsSectionElementsOrder": [
        "in_Config",
        "io_RetryNumber",
        "io_TransactionNumber",
        "in_SystemException",
        "in_QueueRetry"
      ],
      "ConstantsSectionElementsOrder": [],
      "AddedNamespaces": null
    },
    {
      "Path": "Framework/TakeScreenshot.xaml",
      "SortBy": 0,
      "VariablesSectionElementsOrder": [
        "Screenshot&Sequence_1",
        "ScreenshotFileInfo&Sequence_1"
      ],
      "ArgumentsSectionElementsOrder": [
        "in_Folder",
        "io_FilePath"
      ],
      "ConstantsSectionElementsOrder": [],
      "AddedNamespaces": null
    },
    {
      "Path": "Helper Xamls/Get_Outlook_Email.xaml",
      "SortBy": 0,
      "VariablesSectionElementsOrder": [
        "Arr_Mail_Subject_to_Save&Sequence_72",
        "Email_Lists&Sequence_72",
        "bool_Sub_Match&Sequence_72",
        "str_Matched_Subject&Sequence_72",
        "str_File&Sequence_65",
        "bool_Sub_Match&Sequence_80",
        "str_MasterFile&Sequence_80",
        "bool_Sub_Match&Sequence_81",
        "Arr_File_to_save&Sequence_83",
        "str_Mail&Sequence_93",
        "str_FileList&Sequence_89",
        "bool_Sub_Match&Sequence_85"
      ],
      "ArgumentsSectionElementsOrder": [
        "in_Mail_Folder_Name",
        "Config"
      ],
      "ConstantsSectionElementsOrder": [],
      "AddedNamespaces": null
    },
    {
      "Path": "Helper Xamls/Send_Business_Mail.xaml",
      "SortBy": 0,
      "VariablesSectionElementsOrder": [],
      "ArgumentsSectionElementsOrder": [
        "In_Attachment",
        "In_MailTo",
        "In_MailCC",
        "In_MailSubject",
        "In_MailBody",
        "in_Config"
      ],
      "ConstantsSectionElementsOrder": [],
      "AddedNamespaces": null
    },
    {
      "Path": "MF_Instructor.xaml",
      "SortBy": 0,
      "VariablesSectionElementsOrder": [],
      "ArgumentsSectionElementsOrder": [],
      "ConstantsSectionElementsOrder": [],
      "AddedNamespaces": null
    },
    {
      "Path": "Process Xamls/DGR_Save_and_Rename_Files.xaml",
      "SortBy": 0,
      "VariablesSectionElementsOrder": [
        "str_File&Sequence_98",
        "Arr_FileList&Sequence_98"
      ],
      "ArgumentsSectionElementsOrder": [
        "In_Arr_FileNames",
        "Config",
        "str_Mail"
      ],
      "ConstantsSectionElementsOrder": [],
      "AddedNamespaces": null
    },
    {
      "Path": "REVENUE.xaml",
      "SortBy": 0,
      "VariablesSectionElementsOrder": [
        "int_column_idx&Sequence_9",
        "idx&Sequence_4",
        "Arr_ColumnIndex&Sequence_4",
        "dt_InputData&Sequence_4",
        "Arr_ColumnFilter&Sequence_4",
        "Str_DateToFilter&Sequence_4",
        "str_current_Month&Sequence_4",
        "dt_Revenue&Sequence_4",
        "str_current_Year&Sequence_4",
        "dt_writecolumn&Sequence_4"
      ],
      "ArgumentsSectionElementsOrder": [
        "In_InputExcelFileName",
        "In_MasterSheet",
        "In_MasterFile",
        "In_Config"
      ],
      "ConstantsSectionElementsOrder": [],
      "AddedNamespaces": null
    },
    {
      "Path": "test1.xaml",
      "SortBy": 0,
      "VariablesSectionElementsOrder": [
        "dt_Test&Sequence_1"
      ],
      "ArgumentsSectionElementsOrder": [],
      "ConstantsSectionElementsOrder": [],
      "AddedNamespaces": null
    }
  ]
}