{"ProjectBreakpoints":"{\"Value\":{\"Framework/Process.xaml\":[{\"ConditionalExpression\":null,\"ActionExpression\":null,\"ExpectedHitCounter\":null,\"ShouldContinueAfterAction\":false,\"BreakpointType\":1,\"LocationIdentifier\":\"For Each- Process each file in Input\",\"IsEnabled\":true,\"Annotation\":null,\"Id\":\"a49a9bbc-98e0-4cef-a5f5-e31ad411ddda\",\"ActivityIdRef\":\"ForEach`1_2\",\"ActivityId\":\"1.3\",\"ActivityName\":\"For Each- Process each file in Input\",\"IsTransient\":false}],\"test.xaml\":[{\"ConditionalExpression\":null,\"ActionExpression\":null,\"ExpectedHitCounter\":null,\"ShouldContinueAfterAction\":false,\"BreakpointType\":1,\"LocationIdentifier\":\"Write Line\",\"IsEnabled\":true,\"Annotation\":null,\"Id\":\"e37e0066-82e0-4d25-88bd-4e52e89ad68c\",\"ActivityIdRef\":\"WriteLine_1\",\"ActivityId\":\"1.21\",\"ActivityName\":\"Write Line\",\"IsTransient\":false}],\"REVENUE.xaml\":[{\"ConditionalExpression\":null,\"ActionExpression\":null,\"ExpectedHitCounter\":null,\"ShouldContinueAfterAction\":false,\"BreakpointType\":1,\"LocationIdentifier\":\"Invoke Code- Make column in single line\",\"IsEnabled\":true,\"Annotation\":null,\"Id\":\"cb3cba3b-ae2f-4812-94f6-c3f2af8bd4c7\",\"ActivityIdRef\":\"InvokeCode_8\",\"ActivityId\":\"1.239\",\"ActivityName\":\"Invoke Code- Make column in single line\",\"IsTransient\":false},{\"ConditionalExpression\":null,\"ActionExpression\":null,\"ExpectedHitCounter\":null,\"ShouldContinueAfterAction\":false,\"BreakpointType\":1,\"LocationIdentifier\":\"REVENUE\",\"IsEnabled\":true,\"Annotation\":null,\"Id\":\"04b25178-2128-4aef-8768-ef0b7b81c760\",\"ActivityIdRef\":\"Sequence_4\",\"ActivityId\":\"1.2\",\"ActivityName\":\"REVENUE\",\"IsTransient\":false}],\"test1.xaml\":[{\"ConditionalExpression\":null,\"ActionExpression\":null,\"ExpectedHitCounter\":null,\"ShouldContinueAfterAction\":false,\"BreakpointType\":1,\"LocationIdentifier\":\"Log Message\",\"IsEnabled\":true,\"Annotation\":null,\"Id\":\"9f3f9e5e-79ee-47e1-ba62-12384072cf47\",\"ActivityIdRef\":\"LogMessage_1\",\"ActivityId\":\"1.2\",\"ActivityName\":\"Log Message\",\"IsTransient\":false}]},\"CodeBreakpoints\":{}}","OpenedDocuments":"[{\"DocumentPath\":\"MF_Instructor.xaml\",\"FactoryId\":\"{ACB8E7BA-F093-44C1-9B50-33ECA51AAE16}\"},{\"DocumentPath\":\"Main.xaml\",\"FactoryId\":\"{ACB8E7BA-F093-44C1-9B50-33ECA51AAE16}\"},{\"DocumentPath\":\"Framework/Process.xaml\",\"FactoryId\":\"{ACB8E7BA-F093-44C1-9B50-33ECA51AAE16}\"},{\"DocumentPath\":\"REVENUE.xaml\",\"FactoryId\":\"{ACB8E7BA-F093-44C1-9B50-33ECA51AAE16}\"}]","ProjectActivitiesViewState":"{\"test1.xaml\":[{\"ActivityIdRef\":\"LogMessage_1\",\"IsAdvancedOptionsExpanded\":false,\"Widgets\":{}}],\"test.xaml\":[{\"ActivityIdRef\":\"WriteLine_1\",\"IsAdvancedOptionsExpanded\":false,\"Widgets\":{}}],\"Framework/Process.xaml\":[{\"ActivityIdRef\":\"LogMessage_1\",\"IsAdvancedOptionsExpanded\":false,\"Widgets\":{}},{\"ActivityIdRef\":\"LogMessage_6\",\"IsAdvancedOptionsExpanded\":false,\"Widgets\":{}},{\"ActivityIdRef\":\"ForEach`1_2\",\"IsAdvancedOptionsExpanded\":false,\"Categories\":{\"\":true},\"Widgets\":{\"Body\":{\"ShowExpanded\":true}}}],\"REVENUE.xaml\":[{\"ActivityIdRef\":\"ForEach`1_1\",\"IsAdvancedOptionsExpanded\":false,\"Categories\":{\"\":true},\"Widgets\":{\"Body\":{\"ShowExpanded\":true}}},{\"ActivityIdRef\":\"WriteLine_2\",\"IsAdvancedOptionsExpanded\":false,\"Widgets\":{}}]}","Compiler":"2","ProjectWatches":"{\"Value\":[{\"Id\":\"d5c99bbb-b6d4-4ff7-a1c5-675e27a4276e\",\"Expression\":\"dt_InputData\",\"Type\":0},{\"Id\":\"b9e53660-080b-4ae7-87be-35e989738859\",\"Expression\":\"dt_InputData\",\"Type\":0},{\"Id\":\"6ca8e691-7086-4f02-8618-22c2dffabcb2\",\"Expression\":\"dt_InputData\",\"Type\":0},{\"Id\":\"3d764a3e-1637-4ed4-a7dc-67320ae70a95\",\"Expression\":\"dt_InputData.RowCount\",\"Type\":0},{\"Id\":\"5a248114-d1e7-4996-8e02-9cdb1bcd70f8\",\"Expression\":\"dt_Test\",\"Type\":0},{\"Id\":\"c2588518-9f61-4c9b-8515-b63fd1a4b97d\",\"Expression\":\"dt_final\",\"Type\":0},{\"Id\":\"9b185b02-4fd2-4b6d-8e77-5594ae8af1c6\",\"Expression\":\"dt_final.RowCount\",\"Type\":0},{\"Id\":\"ddd2cbba-7f1d-4893-b6b3-c910b7d58084\",\"Expression\":\"dt_final.Columns(0).DataType\",\"Type\":0},{\"Id\":\"638b22be-f216-40b3-87ca-3ce6caded965\",\"Expression\":\"dt\",\"Type\":0}]}","ProjectSettings":"{\"IncludeSourcesByDefault\":true,\"RemoveUnusedDependencies\":false}"}