{
  "Workflows": [
    {
      "Path": null,
      "SortBy": 0,
      "VariablesSectionElementsOrder": [],
      "ArgumentsSectionElementsOrder": null,
      "ConstantsSectionElementsOrder": [],
      "AddedNamespaces": null
    },
    {
      "Path": "Main.xaml",
      "SortBy": 0,
      "VariablesSectionElementsOrder": [
        "TransactionItem&StateMachine_1",
        "SystemException&StateMachine_1",
        "BusinessException&StateMachine_1",
        "TransactionNumber&StateMachine_1",
        "Config&StateMachine_1",
        "RetryNumber&StateMachine_1",
        "TransactionField2&StateMachine_1",
        "TransactionField1&StateMachine_1",
        "TransactionID&StateMachine_1",
        "dt_TransactionData&StateMachine_1",
        "ConsecutiveSystemExceptions&StateMachine_1"
      ],
      "ArgumentsSectionElementsOrder": [
        "in_OrchestratorQueueName",
        "in_OrchestratorQueueFolder"
      ],
      "ConstantsSectionElementsOrder": [],
      "AddedNamespaces": null
    },
    {
      "Path": "Framework/Process.xaml",
      "SortBy": 0,
      "VariablesSectionElementsOrder": [
        "data&Flowchart_3",
        "DateForBOB&Flowchart_3",
        "HomepageFound&Sequence_64",
        "IEExists&Sequence_65",
        "IeChange&Sequence_66",
        "IeChange&Sequence_67",
        "LoginError&Sequence_68",
        "HomePageExist&Sequence_68",
        "LoginPage&Sequence_69",
        "CounterDate&Sequence_70",
        "HondaPortalData&Sequence_71",
        "text&Sequence_71",
        "BinTag&Sequence_71",
        "CounterDate&Sequence_72",
        "HomepageFound&Sequence_73",
        "LoginError&Sequence_74",
        "HomePageExist&Sequence_74",
        "LoginPage&Sequence_75",
        "data&Flowchart_2",
        "DateForBOB&Flowchart_2",
        "CounterDate&Sequence_8",
        "HondaPortalData&Sequence_9",
        "text&Sequence_9",
        "BinTag&Sequence_9",
        "CounterDate&Sequence_10"
      ],
      "ArgumentsSectionElementsOrder": [
        "in_LocationId",
        "in_RefPoint",
        "in_TransactionItem",
        "in_Config"
      ],
      "ConstantsSectionElementsOrder": [],
      "AddedNamespaces": null
    },
    {
      "Path": "HondaPortal/HondaLogin.xaml",
      "SortBy": 0,
      "VariablesSectionElementsOrder": [
        "HomepageFound&Sequence_157",
        "RetryNumber&Sequence_157",
        "intCounter&Sequence_157",
        "LoginPage&Sequence_157",
        "LoginError&Sequence_158",
        "HomePageExist&Sequence_158",
        "LoginPage&Sequence_159"
      ],
      "ArgumentsSectionElementsOrder": [
        "in_Password",
        "in_UserName",
        "in_Config"
      ],
      "ConstantsSectionElementsOrder": [],
      "AddedNamespaces": null
    }
  ]
}