{"OpenedDocuments":"[{\"DocumentPath\":\"Main.xaml\",\"FactoryId\":\"{ACB8E7BA-F093-44C1-9B50-33ECA51AAE16}\"},{\"DocumentPath\":\"HondaPortal/Main_Honda_DownloadOrder.xaml\",\"FactoryId\":\"{ACB8E7BA-F093-44C1-9B50-33ECA51AAE16}\"},{\"DocumentPath\":\"HondaPortal/HondaASNCreationMain.xaml\",\"FactoryId\":\"{ACB8E7BA-F093-44C1-9B50-33ECA51AAE16}\"},{\"DocumentPath\":\"Sequence.xaml\",\"FactoryId\":\"{ACB8E7BA-F093-44C1-9B50-33ECA51AAE16}\"},{\"DocumentPath\":\"Framework/Process.xaml\",\"FactoryId\":\"{ACB8E7BA-F093-44C1-9B50-33ECA51AAE16}\"}]","ProjectBreakpoints":"{\"CodeBreakpoints\":{},\"Value\":{}}","ProjectActivitiesViewState":"{\"Main.xaml\":[{\"ActivityIdRef\":\"LogMessage_32\",\"IsAdvancedOptionsExpanded\":false,\"Widgets\":{}}],\"Framework/Process.xaml\":[{\"ActivityIdRef\":\"LogMessage_1\",\"IsAdvancedOptionsExpanded\":false,\"Widgets\":{}},{\"ActivityIdRef\":\"If_37\",\"IsAdvancedOptionsExpanded\":false,\"Widgets\":{}},{\"ActivityIdRef\":\"If_12\",\"IsAdvancedOptionsExpanded\":false,\"Widgets\":{\"Else\":{\"ShowExpanded\":false},\"Then\":{\"ShowExpanded\":true}}},{\"ActivityIdRef\":\"KillProcess_3\",\"IsAdvancedOptionsExpanded\":false,\"Widgets\":{}},{\"ActivityIdRef\":\"LogMessage_2\",\"IsAdvancedOptionsExpanded\":false,\"Widgets\":{}},{\"ActivityIdRef\":\"If_1\",\"IsAdvancedOptionsExpanded\":false,\"Widgets\":{\"Else\":{\"ShowExpanded\":false},\"Then\":{\"ShowExpanded\":true}}},{\"ActivityIdRef\":\"If_3\",\"IsAdvancedOptionsExpanded\":false,\"Widgets\":{\"Else\":{\"ShowExpanded\":false},\"Then\":{\"ShowExpanded\":true}}},{\"ActivityIdRef\":\"LogMessage_3\",\"IsAdvancedOptionsExpanded\":false,\"Widgets\":{}},{\"ActivityIdRef\":\"If_8\",\"IsAdvancedOptionsExpanded\":false,\"Widgets\":{\"Else\":{\"ShowExpanded\":false},\"Then\":{\"ShowExpanded\":true}}},{\"ActivityIdRef\":\"If_7\",\"IsAdvancedOptionsExpanded\":false,\"Widgets\":{}},{\"ActivityIdRef\":\"LogMessage_8\",\"IsAdvancedOptionsExpanded\":false,\"Widgets\":{}}],\"HondaPortal/HondaLogin.xaml\":[{\"ActivityIdRef\":\"If_45\",\"IsAdvancedOptionsExpanded\":false,\"Widgets\":{\"Else\":{\"ShowExpanded\":false},\"Then\":{\"ShowExpanded\":true}}},{\"ActivityIdRef\":\"If_44\",\"IsAdvancedOptionsExpanded\":false,\"Widgets\":{\"Else\":{\"ShowExpanded\":false},\"Then\":{\"ShowExpanded\":true}}},{\"ActivityIdRef\":\"If_42\",\"IsAdvancedOptionsExpanded\":false,\"Widgets\":{\"Else\":{\"ShowExpanded\":false},\"Then\":{\"ShowExpanded\":true}}},{\"ActivityIdRef\":\"Throw_9\",\"IsAdvancedOptionsExpanded\":false,\"Widgets\":{}},{\"ActivityIdRef\":\"If_43\",\"IsAdvancedOptionsExpanded\":false,\"Widgets\":{\"Else\":{\"ShowExpanded\":false},\"Then\":{\"ShowExpanded\":true}}},{\"ActivityIdRef\":\"Break_10\",\"IsAdvancedOptionsExpanded\":false,\"Widgets\":{}}]}","Compiler":"2","ProjectWatches":"{\"Value\":[]}"}